id,location_short,location_long,time,SELd,SELe,SELn,SELden,SEL,SEL_dB,lasmax_dB,distance,altitude,label,windspeed,winddirection,callsign,type,tags,duration,hex_s,registration,icao_type,serial,operator
132545881,Aa,Aalsmeerderweg,2025-03-24 07:06:26,180933000,0,0,180933000,180933000,82.57516689626223,72.10000014429497,333.794,132.512,21,4.0,320.0,DLH4AF,Airbus A319 114,Aalsmeerbaan36R_L,43,3C6586,D-AILF,A319,636,Lufthansa
132545921,Aa,Aalsmeerderweg,2025-03-24 07:18:54,2314690,0,0,2314690,2314690,63.64493538989703,53.69999992280832,2494.3,219.258,21,4.0,324.0,UAL946,Boeing 767 322ER,Zwanenburgbaan36C_L,18,A89234,N651UA,B763,25389,United Airlines
132546011,Aa,Aalsmeerderweg,2025-03-24 07:39:09,191357000,0,0,191357000,191357000,82.81844444490545,72.49999960754401,331.649,127.832,21,4.0,325.0,KLM32D,Embraer ERJ190-100STD,Aalsmeerbaan36R_L,56,484F7F,PH-EZW,E190,19000533,KLM Cityhopper
132546071,Aa,Aalsmeerderweg,2025-03-24 07:50:12,107952000,0,0,107952000,107952000,80.33231079022237,70.30000008924549,336.4,134.063,21,4.0,321.0,BTI8FH,Airbus A220-300,Aalsmeerbaan36R_L,42,502D0E,YL-AAR,BCS3,55053,Air Baltic
132546081,Aa,Aalsmeerderweg,2025-03-24 07:51:27,197070000,0,0,197070000,197070000,82.9462139808951,72.00000015667216,330.128,126.121,21,4.0,321.0,TGZ651,Boeing 737NG 7CT/W,Aalsmeerbaan36R_L,42,51408C,4L-TGO,B737,35086,Georgian Airways
132546091,Aa,Aalsmeerderweg,2025-03-24 07:52:46,162235000,0,0,162235000,162235000,82.10143246772887,71.49999995505664,334.173,131.906,21,4.0,321.0,EJU45MU,Airbus A319-111,Aalsmeerbaan36R_L,58,440170,OE-LQN,A319,3735,EasyJet Europe
132546101,Aa,Aalsmeerderweg,2025-03-24 07:54:21,151279000,0,0,151279000,151279000,81.79777611532711,72.199999906898,342.525,130.84,21,4.0,321.0,SWR883P,Airbus A320 214,Aalsmeerbaan36R_L,42,4B1619,HB-IJP,A320,681,Swiss International Air Lines
132546131,Aa,Aalsmeerderweg,2025-03-24 07:59:01,198266000,0,0,198266000,198266000,82.97247684064479,73.79999980891819,331.445,127.361,21,4.0,321.0,KLM46D,Boeing 737-800,Aalsmeerbaan36R_L,44,485A33,PH-BCH,B738,62579,KLM Royal Dutch Airlines
132546141,Aa,Aalsmeerderweg,2025-03-24 08:02:08,98433500,0,0,98433500,98433500,79.93143086423449,70.99999974718538,335.521,126.8,21,4.0,323.0,BTI7HB,Bombardier C Series 300,Aalsmeerbaan36R_L,37,502CC7,YL-CSB,BCS3,55004,Air Baltic
132546191,Aa,Aalsmeerderweg,2025-03-24 08:12:06,103466000,0,0,103466000,103466000,80.14798969174089,69.79999993716025,331.78,132.503,21,4.0,317.0,KLM1798,Embraer ERJ 170-200 STD,Aalsmeerbaan36R_L,45,485873,PH-EXW,E75L,17000710,KLM Cityhopper
132546201,Aa,Aalsmeerderweg,2025-03-24 08:13:34,197031000,0,0,197031000,197031000,82.94534367572042,72.40000002698865,337.249,133.144,21,4.0,317.0,EJU38MB,Airbus A320-214SL,Aalsmeerbaan36R_L,54,44093E,OE-IJW,A320,7580,EasyJet Europe
132546231,Aa,Aalsmeerderweg,2025-03-24 08:19:19,200482000,0,0,200482000,200482000,83.02075802095305,72.90000022878823,332.211,125.047,21,4.0,317.0,AUA1T,Airbus A320 214,Aalsmeerbaan36R_L,45,440665,OE-LBI,A320,1937,Austrian Airlines
132546241,Aa,Aalsmeerderweg,2025-03-24 08:23:07,3336710,0,0,3336710,3336710,65.23317877206482,53.49999974585294,2494.36,207.648,21,4.0,316.0,KLM66J,Embraer ERJ 170-200 STD,Zwanenburgbaan36C_L,29,485874,PH-EXX,E75L,17000711,KLM Cityhopper
132546271,Aa,Aalsmeerderweg,2025-03-24 08:37:02,47752700,0,0,47752700,47752700,76.78998150462719,66.40000004874088,332.062,122.258,21,5.0,316.0,N1FE,Bombardier Global Express,Aalsmeerbaan36R_L,53,A00084,N1FE,GLEX,9091,Federal Express
132546281,Aa,Aalsmeerderweg,2025-03-24 08:48:30,3382290,0,0,3382290,3382290,65.29210327972032,53.79999980891819,2500.25,208.806,21,4.0,313.0,SWR4GX,Embraer EMB-190 LR,Zwanenburgbaan36C_L,29,4B19F4,HB-JVO,E190,19000294,Helvetic Airways
132546291,Aa,Aalsmeerderweg,2025-03-24 08:52:57,23192000,0,0,23192000,23192000,73.65338015086431,61.19999956845862,2498.18,210.703,21,4.0,310.0,UAE21U,Boeing 777 F1H,Zwanenburgbaan36C_L,55,8963A2,A6-EFO,B77L,42233,Emirates SkyCargo
132546321,Aa,Aalsmeerderweg,2025-03-24 09:33:08,3327030,0,0,3327030,3327030,65.22057010646148,53.90000007902604,2495.01,217.028,21,4.0,302.0,BAW430A,Airbus A319 131,Zwanenburgbaan36C_L,21,400935,G-EUPZ,A319,1510,British Airways
132546351,Aa,Aalsmeerderweg,2025-03-24 09:49:13,6575610,0,0,6575610,6575610,68.17936113298653,57.60000000749315,2493.65,207.5,21,5.0,300.0,EJU96LP,Airbus A320 - 214SL,Zwanenburgbaan36C_L,28,440090,OE-IVL,A320,6188,Easyjet Europe
132546361,Aa,Aalsmeerderweg,2025-03-24 09:53:57,5332300,0,0,5332300,5332300,67.26914941734661,59.20000023716295,2496.68,203.991,21,5.0,308.0,ROT361U,Boeing 737NG 800/W,Zwanenburgbaan36C_L,19,4A08EA,YR-BGJ,B738,63701,TAROM
132546371,Aa,Aalsmeerderweg,2025-03-24 09:58:57,470620000,0,0,470620000,470620000,86.72670438561924,77.4999997697413,334.037,128.153,21,5.0,308.0,GIA088,Boeing 777 3U3ER,Aalsmeerbaan36R_L,59,8A0452,PK-GIG,B77W,29143,Garuda Indonesia
132546431,Aa,Aalsmeerderweg,2025-03-24 10:08:27,257332000,0,0,257332000,257332000,84.10494578463326,73.50000019403488,334.356,126.049,21,4.0,304.0,QTR42V,Airbus A350 941,Aalsmeerbaan36R_L,60,06A103,A7-ALO,A359,63,Qatar Airways
132546541,Aa,Aalsmeerderweg,2025-03-24 10:28:10,52188700,0,0,52188700,52188700,77.17576412312428,66.40000004874088,332.468,127.815,21,4.0,302.0,SUA7A,Cessna Citation XLS+,Aalsmeerbaan36R_L,44,49D116,OK-XLS,C56X,560-6060,Silesia Air
132546561,Aa,Aalsmeerderweg,2025-03-24 10:31:30,170998000,0,0,170998000,170998000,82.32990908986159,72.49999960754401,335.46,119.502,21,4.0,311.0,KLM1850,Embraer ERJ190-100STD,Aalsmeerbaan36R_L,54,485065,PH-EZZ,E190,19000654,KLM Cityhopper
132546601,Aa,Aalsmeerderweg,2025-03-24 10:39:35,30406500,0,0,30406500,30406500,74.82966518398003,64.29999972723482,346.109,133.46,21,4.0,311.0,NJE5ZD,Cessna 680A Citation Latitude,Aalsmeerbaan36R_L,40,493288,CS-LTH,C68A,680A-0131,Netjets Europe
132546611,Aa,Aalsmeerderweg,2025-03-24 10:41:43,515673000,0,0,515673000,515673000,87.12374143592251,77.60000014726648,338.695,126.059,21,4.0,315.0,CAO1033,Boeing 777 FFT,Aalsmeerbaan36R_L,79,780D8F,B-2094,B77L,44685,Air China Cargo
132546631,Aa,Aalsmeerderweg,2025-03-24 10:45:21,178857000,0,0,178857000,178857000,82.52505145540269,72.29999980331316,327.077,124.35,21,4.0,315.0,KLM78W,Embraer ERJ 190-100 STD,Aalsmeerbaan36R_L,45,485871,PH-EXV,E190,19000750,KLM Cityhopper
132546671,Aa,Aalsmeerderweg,2025-03-24 10:56:44,154461000,0,0,154461000,154461000,81.88820034338242,73.00000003109373,327.668,124.237,21,4.0,315.0,KLM50W,Embraer ERJ190-100STD,Aalsmeerbaan36R_L,55,485084,PH-EXB,E190,19000658,KLM Cityhopper
132546681,Aa,Aalsmeerderweg,2025-03-24 10:58:49,111290000,0,0,111290000,111290000,80.46457609700303,71.4000000092348,331.753,124.131,21,4.0,315.0,KLM1710,Embraer ERJ 170-200 STD,Aalsmeerbaan36R_L,52,4855D1,PH-EXO,E75L,17000668,KLM Cityhopper
132546721,Aa,Aalsmeerderweg,2025-03-24 11:04:42,169279000,0,0,169279000,169279000,82.28603926309303,73.69999992280833,337.271,131.868,21,5.0,301.0,KLM34D,Embraer ERJ190-100STD,Aalsmeerbaan36R_L,57,48507F,PH-EXA,E190,19000655,KLM Cityhopper
132546731,Aa,Aalsmeerderweg,2025-03-24 11:06:52,165309000,0,0,165309000,165309000,82.1829576311771,73.00000003109373,329.06,126.514,21,5.0,301.0,VLG34JG,Airbus A320 214SL,Aalsmeerbaan36R_L,51,3444CA,EC-MAI,A320,6045,Vueling Airlines
132546741,Aa,Aalsmeerderweg,2025-03-24 11:08:26,247002000,0,0,247002000,247002000,83.92700722989738,74.70000016475507,337.823,124.616,21,5.0,301.0,DAL9887,Airbus A330 323E,Aalsmeerbaan36R_L,60,AB2C0C,N819NW,A333,0858,Delta Airlines
132546771,Aa,Aalsmeerderweg,2025-03-24 11:16:18,114930000,0,0,114930000,114930000,80.60432288184231,72.10000014429497,345.024,129.63,21,4.0,308.0,EJU81KY,Airbus A319-111,Aalsmeerbaan36R_L,48,4401E8,OE-LQC,A319,3788,EasyJet Europe
132546781,Aa,Aalsmeerderweg,2025-03-24 11:18:05,129458000,0,0,129458000,129458000,81.12127900310733,71.4000000092348,331.132,125.955,21,4.0,308.0,KLM1800,Embraer ERJ 170-200 STD,Aalsmeerbaan36R_L,52,485779,PH-EXS,E75L,17000702,Klm Cityhopper
132546811,Aa,Aalsmeerderweg,2025-03-24 11:23:39,362781000,0,0,362781000,362781000,85.59644255860873,75.8999997071542,335.307,133.417,21,5.0,326.0,UAE84N,Airbus A380 861,Aalsmeerbaan36R_L,57,8963E8,A6-EOK,A388,184,Emirates
132546821,Aa,Aalsmeerderweg,2025-03-24 11:25:55,177883000,0,0,177883000,177883000,82.50135324148145,73.00000003109373,326.638,129.509,21,5.0,326.0,EZY24TN,Airbus A319 111,Aalsmeerbaan36R_L,47,40631A,G-EZFV,A319,4327,easyJet
132546841,Aa,Aalsmeerderweg,2025-03-24 11:28:32,238157000,0,0,238157000,238157000,83.76863686517359,73.69999992280833,333.846,129.96,21,5.0,326.0,LOT7VJ,Embraer ERJ190-100STD,Aalsmeerbaan36R_L,50,48AD82,SP-LMC,E190,19000763,LOT Polish Airlines
132546851,Aa,Aalsmeerderweg,2025-03-24 11:29:59,217228000,0,0,217228000,217228000,83.3691494002607,73.50000019403488,332.722,131.047,21,5.0,326.0,EZY47QM,Airbus A320 214,Aalsmeerbaan36R_L,47,40666A,G-EZUP,A320,5056,EasyJet
132546871,Aa,Aalsmeerderweg,2025-03-24 11:33:00,193764000,0,0,193764000,193764000,82.87272015470171,73.90000007902604,334.81,130.524,21,4.0,326.0,KLM70Y,Embraer ERJ190-100STD,Aalsmeerbaan36R_L,49,484F7F,PH-EZW,E190,19000533,KLM Cityhopper
132546881,Aa,Aalsmeerderweg,2025-03-24 11:34:22,179037000,0,0,179037000,179037000,82.52941724750795,73.00000003109373,331.214,124.133,21,4.0,326.0,SVA215,Boeing 787 9,Aalsmeerbaan36R_L,61,71011D,HZ-AR11,B789,40045,Ministry of Finance of Saudi Arabia
132546901,Aa,Aalsmeerderweg,2025-03-24 11:37:32,124240000,0,0,124240000,124240000,80.94259848719801,72.29999980331316,330.118,120.067,21,4.0,326.0,TFL9524,Boeing 737-8MAX,Aalsmeerbaan36R_L,53,44B438,OO-MAX,B38M,44588,TUIfly Belgium
132546911,Aa,Aalsmeerderweg,2025-03-24 11:39:06,482948000,0,0,482948000,482948000,86.83900602102482,76.49999972598631,331.175,121.472,21,4.0,326.0,CAO3159,Airbus A330 243,Aalsmeerbaan36R_L,46,78037B,B-6093,A332,884,Air China
132546921,Aa,Aalsmeerderweg,2025-03-24 11:40:55,234191000,0,0,234191000,234191000,83.69571106014696,73.79999980891819,339.627,129.676,21,4.0,311.0,EIN60T,Airbus A320 214,Aalsmeerbaan36R_L,52,4CA76F,EI-EDP,A320,3781,RBS Aerospace Limited
132546941,Aa,Aalsmeerderweg,2025-03-24 11:44:05,179596000,0,0,179596000,179596000,82.54296891885376,73.79999980891819,336.403,132.01,21,4.0,311.0,TKJ87R,Boeing 737NG 8F2/W,Aalsmeerbaan36R_L,43,4BA901,TC-JHA,B738,35740,Turkish Airlines
132546951,Aa,Aalsmeerderweg,2025-03-24 11:45:33,180617000,0,0,180617000,180617000,82.56758759138775,74.59999985021565,333.618,128.565,21,4.0,311.0,VLG28E,Airbus A320 214,Aalsmeerbaan36R_L,47,34454B,EC-MBY,A320,4674,Vueling
132546961,Aa,Aalsmeerderweg,2025-03-24 11:47:09,166800000,0,0,166800000,166800000,82.22196296255306,72.70000030130772,333.13,129.123,21,4.0,311.0,DLH4NV,Airbus A320 214SL,Aalsmeerbaan36R_L,48,3C66B0,D-AIUP,A320,6807,Lufthansa
132546971,Aa,Aalsmeerderweg,2025-03-24 11:49:09,212549000,0,0,212549000,212549000,83.27459049694224,73.29999970808116,338.758,130.348,21,4.0,311.0,AFR23DM,Airbus A320 214,Aalsmeerbaan36R_L,55,392AE9,F-GKXJ,A320,1900,Air France
132547001,Aa,Aalsmeerderweg,2025-03-24 11:55:47,146613000,0,0,146613000,146613000,81.66171224419392,71.19999992793724,338.846,130.664,21,4.0,316.0,CFE89W,Embraer EMB-190 SR,Aalsmeerbaan36R_L,51,406231,G-LCYL,E190,19000346,Cityflyer Express
132547041,Aa,Aalsmeerderweg,2025-03-24 12:02:13,137643000,0,0,137643000,137643000,81.38754407383333,72.90000022878823,336.212,126.12,21,5.0,315.0,VLG1377,Airbus A320 232SL,Aalsmeerbaan36R_L,38,3452C9,EC-MNZ,A320,7351,Vueling Airlines
132547071,Aa,Aalsmeerderweg,2025-03-24 12:06:22,433321000,0,0,433321000,433321000,86.36809728704195,77.90000010974319,332.811,123.539,21,5.0,315.0,QTR38N,Boeing 777-3DZER,Aalsmeerbaan36R_L,77,06A13B,A7-BAY,B77W,41778,Qatar Airways
132547081,Aa,Aalsmeerderweg,2025-03-24 12:08:48,279037000,0,0,279037000,279037000,84.4566148278261,78.10000000930995,320.472,123.76,21,5.0,315.0,KLJ2985,Boeing 737-3L9,Aalsmeerbaan36R_L,60,503CBA,LY-BGS,B733,27061,KlasJet
132547091,Aa,Aalsmeerderweg,2025-03-24 12:11:19,189714000,0,0,189714000,189714000,82.78098941431465,74.59999985021565,328.112,123.373,21,5.0,315.0,KLM1830,Embraer ERJ190-100STD,Aalsmeerbaan36R_L,51,485064,PH-EZY,E190,19000649,KLM Cityhopper
132547121,Aa,Aalsmeerderweg,2025-03-24 12:17:17,285984000,0,0,285984000,285984000,84.56341104517746,75.599999772793,333.82,115.566,21,5.0,315.0,THY8UJ,Airbus A330 303,Aalsmeerbaan36R_L,68,4BA9DA,TC-JNZ,A333,1487,Turkish Airlines
132547241,Aa,Aalsmeerderweg,2025-03-24 12:51:12,176440000,0,0,176440000,176440000,82.46597324786299,73.79999980891819,331.865,118.784,21,5.0,314.0,DLH992,Airbus A320 214SL,Aalsmeerbaan36R_L,71,3C66A1,D-AIUA,A320,5935,Lufthansa
132547251,Aa,Aalsmeerderweg,2025-03-24 12:52:48,99708200,0,0,99708200,99708200,79.98730876148271,69.29999996413005,339.758,126.684,21,5.0,314.0,SAS87Y,Airbus A320 251NSL,Aalsmeerbaan36R_L,51,4AC9E5,SE-ROE,A20N,7791,SAS
132547261,Aa,Aalsmeerderweg,2025-03-24 12:54:19,181959000,0,0,181959000,181959000,82.59973598675883,73.19999988558263,329.218,119.748,21,5.0,314.0,AFR25AX,Embraer EMB-170 STD,Aalsmeerbaan36R_L,44,3986E7,F-HBXH,E170,17000307,Regional Airlines/Air France
132547291,Aa,Aalsmeerderweg,2025-03-24 13:05:28,162480000,0,0,162480000,162480000,82.107987984646,72.60000045231574,331.558,119.275,21,5.0,314.0,EJU42FN,Airbus A320 - 214SL,Aalsmeerbaan36R_L,57,440090,OE-IVL,A320,6188,Easyjet Europe
132547311,Aa,Aalsmeerderweg,2025-03-24 13:10:58,489968000,0,0,489968000,489968000,86.90168142472656,77.90000010974319,332.803,119.682,21,5.0,310.0,KLM744,Boeing 777-300ER,Aalsmeerbaan36R_L,44,4851F6,PH-BVS,B77W,61604,KLM Royal Dutch Airlines
132547331,Aa,Aalsmeerderweg,2025-03-24 13:15:12,163855000,0,0,163855000,163855000,82.14460610087417,72.29999980331316,338.439,118.589,21,5.0,310.0,EZY27KA,Airbus A319 111,Aalsmeerbaan36R_L,46,400FE3,G-EZBT,A319,3090,Easyjet
132547341,Aa,Aalsmeerderweg,2025-03-24 13:16:44,198865000,0,0,198865000,198865000,82.98558092481238,73.29999970808116,332.245,126.484,21,5.0,310.0,KLM38E,Embraer ERJ190-100LR,Aalsmeerbaan36R_L,43,484F7E,PH-EZV,E190,19000528,KLM Cityhopper
132547401,Aa,Aalsmeerderweg,2025-03-24 13:27:33,138809000,0,0,138809000,138809000,81.42417099885657,72.60000045231574,332.742,119.091,21,5.0,316.0,EZY21AG,Airbus A320 214SL,Aalsmeerbaan36R_L,39,406B91,G-EZWY,A320,6267,EasyJet
132547451,Aa,Aalsmeerderweg,2025-03-24 13:38:44,461359000,0,0,461359000,461359000,86.64038673246274,77.09999997562402,336.881,120.202,21,6.0,312.0,DAL74,Airbus A330 323X,Aalsmeerbaan36R_L,53,AAEE43,N803NW,A333,0542,Northwest Airlines
132547491,Aa,Aalsmeerderweg,2025-03-24 13:46:43,91587400,0,0,91587400,91587400,79.61835502752218,70.90000014685438,335.365,127.647,21,6.0,317.0,BAW438W,Airbus A319 131,Aalsmeerbaan36R_L,43,400A5B,G-DBCA,A319,2098,BMA
132547541,Aa,Aalsmeerderweg,2025-03-24 14:01:22,206425000,0,0,206425000,206425000,83.14763017003821,74.00000038529629,337.75,120.148,21,6.0,320.0,KQA116,Boeing 787-8 Dreamliner,Aalsmeerbaan36R_L,46,04C15B,5Y-KZJ,B788,36046,Kenya Airways
132547591,Aa,Aalsmeerderweg,2025-03-24 14:11:47,436286000,0,0,436286000,436286000,86.39770783380136,76.20000025576854,338.528,128.045,21,6.0,320.0,CSG2573,Boeing 777 F1B,Aalsmeerbaan36R_L,48,7807BB,B-2080,B77L,37314,China Southern Airlines
132547601,Aa,Aalsmeerderweg,2025-03-24 14:14:13,235332000,0,0,235332000,235332000,83.71680719987687,74.19999988079942,328.419,120.323,21,6.0,320.0,KLM916,Embraer ERJ 190-100 STD,Aalsmeerbaan36R_L,45,485206,PH-EXE,E190,19000687,Klm Cityhopper
132547631,Aa,Aalsmeerderweg,2025-03-24 14:18:30,262369000,0,0,262369000,262369000,84.18913115917451,74.89999985588426,336.896,124.906,21,6.0,320.0,KLM46M,Boeing 737-800,Aalsmeerbaan36R_L,42,485A33,PH-BCH,B738,62579,KLM Royal Dutch Airlines
132547641,Aa,Aalsmeerderweg,2025-03-24 14:20:01,134423000,0,0,134423000,134423000,81.28473092504885,72.60000045231574,335.582,128.04,21,6.0,315.0,KLM33G,Embraer ERJ 170-200 STD,Aalsmeerbaan36R_L,46,4855D1,PH-EXO,E75L,17000668,KLM Cityhopper
132547661,Aa,Aalsmeerderweg,2025-03-24 14:22:45,214097000,0,0,214097000,214097000,83.30609656860793,73.40000027786077,327.906,126.836,21,6.0,315.0,EJU57XP,Airbus A319-111,Aalsmeerbaan36R_L,48,440735,OE-LQS,A319,4040,EasyJet Europe
132547691,Aa,Aalsmeerderweg,2025-03-24 14:31:07,554431000,0,0,554431000,554431000,87.43847686797137,77.4999997697413,329.483,120.942,21,6.0,323.0,ETD913,Boeing 777 FFX,Aalsmeerbaan36R_L,41,896441,A6-DDD,B77L,62744,Etihad Airways Cargo
132547731,Aa,Aalsmeerderweg,2025-03-24 14:38:37,480515000,0,0,480515000,480515000,86.81706840915764,77.8000000281075,333.019,119.559,21,6.0,323.0,QTR21V,Boeing 777-FDZ,Aalsmeerbaan36R_L,62,06A140,A7-BFG,B77L,42299,Qatar Airways Cargo
132547741,Aa,Aalsmeerderweg,2025-03-24 14:41:00,217021000,0,0,217021000,217021000,83.36501936415615,74.70000016475507,332.122,128.938,21,6.0,323.0,KLM40Q,Embraer ERJ190-100STD,Aalsmeerbaan36R_L,42,484CC3,PH-EZS,E190,19000380,KLM Cityhopper
132547791,Aa,Aalsmeerderweg,2025-03-24 14:48:39,86266100,0,0,86266100,86266100,79.35840345720038,69.49999985290117,334.225,124.668,21,6.0,323.0,KLM1790,Embraer ERJ 170-200 STD,Aalsmeerbaan36R_L,47,485876,PH-EXZ,E75L,17000723,KLM Cityhopper
132547811,Aa,Aalsmeerderweg,2025-03-24 14:51:41,91433000,0,0,91433000,91433000,79.61102969599145,70.30000008924549,335.033,122.773,21,6.0,325.0,KLM1756,Embraer ERJ 170-200 STD,Aalsmeerbaan36R_L,47,485873,PH-EXW,E75L,17000710,KLM Cityhopper
132547861,Aa,Aalsmeerderweg,2025-03-24 15:02:18,118504000,0,0,118504000,118504000,80.73733654833893,71.69999978353884,330.322,123.046,21,6.0,312.0,KLM80Y,Embraer ERJ 170-200 STD,Aalsmeerbaan36R_L,48,485778,PH-EXR,E75L,17000697,KLM Cityhopper
132547921,Aa,Aalsmeerderweg,2025-03-24 15:28:22,6015380,0,0,6015380,6015380,67.79262850942514,55.9999998891213,2444.52,2167.6,21,6.0,315.0,DLA6JL,Embraer EMB-195 LR,Zwanenburgbaan36C_L,31,3003AF,I-ADJO,E190,19000280,Lufthansa
132547931,Aa,Aalsmeerderweg,2025-03-24 16:32:14,185851000,0,0,185851000,185851000,82.69164846143616,74.40000017300947,329.042,124.117,21,5.0,325.0,KLM1780,Embraer ERJ190-100STD,Aalsmeerbaan36R_L,81,485064,PH-EZY,E190,19000649,KLM Cityhopper
132547951,Aa,Aalsmeerderweg,2025-03-24 16:35:48,559467000,0,0,559467000,559467000,87.47774332052069,77.69999983301469,334.333,126.623,21,5.0,325.0,CES771,Boeing 777 39PER,Aalsmeerbaan36R_L,58,780561,B-2005,B77W,43271,China Eastern Airlines
132547961,Aa,Aalsmeerderweg,2025-03-24 16:39:01,166010000,0,0,166010000,166010000,82.20135044856087,72.90000022878823,328.623,120.298,21,5.0,325.0,FIN4AZ,Airbus A321 231SL,Aalsmeerbaan36R_L,50,461FA2,OH-LZM,A321,7552,Finnair
132547971,Aa,Aalsmeerderweg,2025-03-24 16:41:23,187077000,0,0,187077000,187077000,82.72020341153465,72.40000002698865,336.461,123.416,21,4.0,341.0,DLH996,Airbus A319 112,Aalsmeerbaan36R_L,58,3C6442,D-AIBB,A319,4182,Lufthansa
132547991,Aa,Aalsmeerderweg,2025-03-24 16:50:54,147907000,0,0,147907000,147907000,81.69988610903411,71.79999992425358,332.621,127.328,21,5.0,317.0,EZY71VT,Airbus A319 111,Aalsmeerbaan36R_L,44,400FDA,G-EZBI,A319,3003,Easyjet
132548021,Aa,Aalsmeerderweg,2025-03-24 16:55:50,181732000,0,0,181732000,181732000,82.5943045021613,73.50000019403488,331.594,129.378,21,5.0,317.0,EJU42BP,Airbus A319-111,Aalsmeerbaan36R_L,49,4401E8,OE-LQC,A319,3788,EasyJet Europe
132548041,Aa,Aalsmeerderweg,2025-03-24 16:59:09,217816000,0,0,217816000,217816000,83.38089810243866,74.40000017300947,333.028,120.099,21,5.0,317.0,CXA811,Boeing 787 8,Aalsmeerbaan36R_L,56,780C7F,B-2768,B788,41538,Xiamen Airlines
132548141,Aa,Aalsmeerderweg,2025-03-24 17:22:36,177972000,0,0,177972000,177972000,82.50350587720126,72.40000002698865,330.983,120.132,21,4.0,326.0,DLH998,Airbus A320 214,Aalsmeerbaan36R_L,54,3C6747,D-AIZG,A320,4324,Lufthansa
132548161,Aa,Aalsmeerderweg,2025-03-24 17:26:09,97097000,0,0,97097000,97097000,79.87205704398592,69.29999996413005,334.571,130.86,21,4.0,326.0,BAW44E,Airbus A320 232,Aalsmeerbaan36R_L,43,406532,G-EUYM,A320,4791,British Airways
132548231,Aa,Aalsmeerderweg,2025-03-24 17:42:27,160922000,0,0,160922000,160922000,82.066149033425,71.89999995114472,331.421,122.658,21,5.0,332.0,KLM32E,Embraer ERJ190-100STD,Aalsmeerbaan36R_L,73,485084,PH-EXB,E190,19000658,KLM Cityhopper
132548241,Aa,Aalsmeerderweg,2025-03-24 17:47:32,92173900,0,0,92173900,92173900,79.6460790691415,69.79999993716025,333.802,128.03,21,5.0,332.0,DLH9MC,Bombardier CRJ 900 LR NG,Aalsmeerbaan36R_L,52,3C4DCC,D-ACNL,CRJ9,15252,Lufthansa
132548261,Aa,Aalsmeerderweg,2025-03-24 17:51:41,883524,0,0,883524,883524,59.46218289712233,48.900000147119165,2485.34,207.185,21,4.0,331.0,RYR3SW,Boeing 737NG 8AS/W,Zwanenburgbaan36C_L,22,4CA27A,EI-DHN,B738,33577,Ryanair
132548271,Aa,Aalsmeerderweg,2025-03-24 17:54:11,598978000,0,0,598978000,598978000,87.774111846063,77.99999986803743,333.737,123.297,21,4.0,331.0,ETD58B,Boeing 777 3FXER,Aalsmeerbaan36R_L,61,896326,A6-ETI,B77W,39684,Etihad Airways Cargo
132548281,Aa,Aalsmeerderweg,2025-03-24 17:56:37,242518000,0,0,242518000,242518000,83.84744837603168,75.2000000614203,324.731,115.525,21,4.0,331.0,KLM74N,Embraer ERJ190-100STD,Aalsmeerbaan36R_L,53,484F7F,PH-EZW,E190,19000533,KLM Cityhopper
132548291,Aa,Aalsmeerderweg,2025-03-24 17:58:17,218127000,0,0,218127000,218127000,83.38710143120139,72.79999976266063,331.377,119.532,21,4.0,331.0,ROT363W,Boeing 737-8H6/W,Aalsmeerbaan36R_L,61,4A08ED,YR-BGM,B738,40152,TAROM
132548301,Aa,Aalsmeerderweg,2025-03-24 18:00:10,12747200,228562000,0,735524000,241309000,83.82574081428817,73.79999980891819,330.349,117.888,21,4.0,332.0,AIC155,Boeing 787 8,Aalsmeerbaan36R_L,67,800740,VT-ANZ,B788,36297,Air India
132548311,Aa,Aalsmeerderweg,2025-03-24 18:02:29,0,99203400,0,313709000,99203400,79.96526767127465,70.49999975442773,330.363,118.724,21,4.0,332.0,KLM44C,Embraer ERJ 170-200 STD,Aalsmeerbaan36R_L,53,485814,PH-EXT,E75L,17000707,KLM Cityhopper
132548401,Aa,Aalsmeerderweg,2025-03-24 18:15:51,0,211942000,0,670221000,211942000,83.26217815118908,74.10000024638818,336.379,122.046,21,5.0,338.0,EJU16QL,Airbus A319-111,Aalsmeerbaan36R_L,55,440170,OE-LQN,A319,3735,EasyJet Europe
132548441,Aa,Aalsmeerderweg,2025-03-24 18:22:22,0,49580300,0,156787000,49580300,76.95309150264606,65.59999988784523,333.454,124.712,21,5.0,333.0,VJT842,Bombardier Global 6000,Aalsmeerbaan36R_L,73,4D20D7,9H-VJL,GLEX,9626,VistaJet Malta
132548451,Aa,Aalsmeerderweg,2025-03-24 18:23:42,0,261791000,0,827856000,261791000,84.17954566062109,74.99999974364995,334.208,130.843,21,5.0,333.0,AUA3TC,Embraer EMB-195 LR,Aalsmeerbaan36R_L,49,44082D,OE-LWQ,E190,19000565,Austrian Airlines
132548461,Aa,Aalsmeerderweg,2025-03-24 18:25:16,0,89432800,0,282811000,89432800,79.51496633796842,68.50000012358494,332.027,128.726,21,5.0,333.0,SAS49M,Airbus A320-251N,Aalsmeerbaan36R_L,58,4AC9EE,SE-RON,A20N,8404,SAS
132548471,Aa,Aalsmeerderweg,2025-03-24 18:26:44,0,245160000,0,775263000,245160000,83.89449244213395,74.00000038529629,337.158,126.149,21,5.0,333.0,SXS9GF,Boeing 737NG 8HC/W,Aalsmeerbaan36R_L,58,4BCDE2,TC-SOB,B738,61175,Sun Express
132548491,Aa,Aalsmeerderweg,2025-03-24 18:30:03,0,112916000,0,357070000,112916000,80.52753915813508,71.2999999836018,331.752,130.25,21,5.0,339.0,KLM68V,Embraer ERJ 170-200 STD,Aalsmeerbaan36R_L,58,485778,PH-EXR,E75L,17000697,KLM Cityhopper
132548531,Aa,Aalsmeerderweg,2025-03-24 18:40:40,0,438370000,0,1386250000,438370000,86.41841063171378,76.300000182976,337.141,126.627,21,5.0,337.0,UAE149,Airbus A380 861,Aalsmeerbaan36R_L,60,896189,A6-EEJ,A388,127,Emirates
132548561,Aa,Aalsmeerderweg,2025-03-24 18:45:58,0,634593000,0,2006760000,634593000,88.02495468844805,78.89999955751726,330.653,120.865,21,5.0,337.0,MAS6126,Airbus A330 223F,Aalsmeerbaan36R_L,72,750264,9M-MUB,A332,1148,MASkargo
132548571,Aa,Aalsmeerderweg,2025-03-24 18:48:20,0,175447000,0,554811000,175447000,82.44144976192787,72.29999980331316,331.779,126.439,21,5.0,337.0,KLM64H,Embraer ERJ190-100LR,Aalsmeerbaan36R_L,54,484F7E,PH-EZV,E190,19000528,KLM Cityhopper
132548591,Aa,Aalsmeerderweg,2025-03-24 18:51:15,0,218607000,0,691296000,218607000,83.39664112030121,73.10000024328873,336.265,124.958,21,5.0,340.0,EJU43TL,Airbus A319-111,Aalsmeerbaan36R_L,53,440735,OE-LQS,A319,4040,EasyJet Europe
132548621,Aa,Aalsmeerderweg,2025-03-24 18:55:50,0,390264000,0,1234120000,390264000,85.91358242253831,77.00000020117855,329.597,120.034,21,5.0,340.0,ELY339,Boeing 737NG 958ER/W,Aalsmeerbaan36R_L,54,738055,4X-EHF,B739,41557,El Al Israel Airlines
132548661,Aa,Aalsmeerderweg,2025-03-24 19:03:16,0,243492000,0,769990000,243492000,83.86484982291708,74.70000016475507,326.596,119.89,21,5.0,332.0,KLM24P,Embraer ERJ 190-100 STD,Aalsmeerbaan36R_L,44,485206,PH-EXE,E190,19000687,Klm Cityhopper
132548671,Aa,Aalsmeerderweg,2025-03-24 19:04:58,0,283744000,0,897276000,283744000,84.52926001081751,75.599999772793,336.48,125.085,21,5.0,332.0,KLM1782,Boeing 737-800,Aalsmeerbaan36R_L,49,485A32,PH-BCG,B738,62578,KLM Royal Dutch Airlines
132548691,Aa,Aalsmeerderweg,2025-03-24 19:08:40,0,9339030,0,29532600,9339030,69.70301956512094,58.99999977968414,333.374,117.247,21,5.0,332.0,GAC661K,Cessna Citation Mustang,Aalsmeerbaan36R_L,37,440864,OE-FZB,C510,510-0145,Globe Air AG
132548721,Aa,Aalsmeerderweg,2025-03-24 19:13:35,0,191412000,0,605298000,191412000,82.81969342593342,73.19999988558263,333.988,121.743,21,3.0,344.0,KLM46A,Boeing 737-800,Aalsmeerbaan36R_L,54,485A33,PH-BCH,B738,62579,KLM Royal Dutch Airlines
132548761,Aa,Aalsmeerderweg,2025-03-24 19:19:54,0,184819000,0,584449000,184819000,82.66746710071251,72.40000002698865,337.104,124.806,21,3.0,344.0,EZS79YG,Airbus A320 214,Aalsmeerbaan36R_L,57,4B1A1A,HB-JXA,A320,5138,Easyjet Switzerland Sa
132548781,Aa,Aalsmeerderweg,2025-03-24 19:24:04,0,204716000,0,647370000,204716000,83.1115249997359,73.40000027786077,331.893,115.879,21,4.0,337.0,QTR96C,Boeing 787-8 Dreamliner,Aalsmeerbaan36R_L,53,06A0A5,A7-BCA,B788,38319,Qatar Airways
132548791,Aa,Aalsmeerderweg,2025-03-24 19:26:31,0,89834400,0,284081000,89834400,79.53442787541198,70.70000028647661,331.32,125.749,21,4.0,337.0,KLM52E,Embraer ERJ 170-200 STD,Aalsmeerbaan36R_L,54,485870,PH-EXU,E75L,17000708,KLM Cityhopper
132548811,Aa,Aalsmeerderweg,2025-03-24 19:30:08,0,120942000,0,382453000,120942000,80.82577548377223,69.29999996413005,327.44,121.102,21,3.0,337.0,TFL83V,Boeing 737-8MAX,Aalsmeerbaan36R_L,54,485A81,PH-TFN,B38M,44596,TUI Airlines Netherlands
132548841,Aa,Aalsmeerderweg,2025-03-24 19:34:39,0,237968000,0,752520000,237968000,83.76518151792324,73.10000024328873,336.719,122.272,21,3.0,337.0,EZY65ZK,Airbus A320 214,Aalsmeerbaan36R_L,63,40643B,G-EZTY,A320,4554,Easyjet
132548851,Aa,Aalsmeerderweg,2025-03-24 19:36:25,0,175494000,0,554962000,175494000,82.4426334194124,72.60000045231574,334.775,121.862,21,3.0,337.0,EZY27HA,Airbus A320 214,Aalsmeerbaan36R_L,62,406669,G-EZUO,A320,5052,EasyJet
132548861,Aa,Aalsmeerderweg,2025-03-24 19:37:47,0,214578000,0,678555000,214578000,83.31585290229604,73.00000003109373,332.697,123.692,21,3.0,337.0,EZY89VE,Airbus A319 111,Aalsmeerbaan36R_L,58,40631A,G-EZFV,A319,4327,easyJet
132548911,Aa,Aalsmeerderweg,2025-03-24 19:45:34,0,88844900,0,280952000,88844900,79.48632366003184,69.19999997293675,336.69,117.01,21,4.0,334.0,VLG622Z,Airbus A320 232SL,Aalsmeerbaan36R_L,53,344691,EC-MEQ,A320,6483,Vueling Airlines
132548941,Aa,Aalsmeerderweg,2025-03-24 20:31:56,0,2763460,0,8738830,2763460,64.41453182720942,51.59999990334411,2510.65,205.654,21,3.0,315.0,EJU7816,Airbus A319-111,Zwanenburgbaan36C_L,32,440484,OE-LKC,A319,4056,EasyJet Europe
132548951,Aa,Aalsmeerderweg,2025-03-24 20:36:32,0,2457700,0,7771920,2457700,63.90528383533198,51.29999969491669,2494.62,209.876,21,3.0,315.0,EJU68XQ,Airbus A319-111,Zwanenburgbaan36C_L,28,4401E8,OE-LQC,A319,3788,EasyJet Europe
132548991,Aa,Aalsmeerderweg,2025-03-24 21:10:30,0,111096000,0,351317000,111096000,80.45698610135112,71.09999973823213,326.993,120.143,21,3.0,323.0,KLM1344,Embraer ERJ 170-200 STD,Aalsmeerbaan36R_L,64,485874,PH-EXX,E75L,17000711,KLM Cityhopper
132549001,Aa,Aalsmeerderweg,2025-03-24 21:11:53,0,174995000,0,553382000,174995000,82.43025143744245,72.10000014429497,328.311,116.788,21,3.0,323.0,SWR736,Airbus A321 111,Aalsmeerbaan36R_L,50,4B1691,HB-IOF,A321,541,Swiss International Air Lines
132549011,Aa,Aalsmeerderweg,2025-03-24 21:13:17,0,181330000,0,573415000,181330000,82.5846935498414,72.199999906898,326.763,119.787,21,3.0,323.0,EJU18MT,Airbus A320 - 214SL,Aalsmeerbaan36R_L,68,440090,OE-IVL,A320,6188,Easyjet Europe
132549021,Aa,Aalsmeerderweg,2025-03-24 21:15:07,0,132472000,0,418914000,132472000,81.22125247127437,70.30000008924549,324.557,117.602,21,3.0,323.0,LOT6MB,Embraer EMB-175 LR,Aalsmeerbaan36R_L,65,48AD08,SP-LII,E75S,17000290,LOT Polish Airlines
132549031,Aa,Aalsmeerderweg,2025-03-24 21:16:46,0,169659000,0,536510000,169659000,82.29577701524484,73.10000024328873,340.051,121.292,21,3.0,323.0,DLH7MR,Airbus A320 214SL,Aalsmeerbaan36R_L,58,3C66A8,D-AIUH,A320,6225,Lufthansa
132549041,Aa,Aalsmeerderweg,2025-03-24 21:20:40,0,189986000,0,600789000,189986000,82.78722147750346,73.00000003109373,338.146,117.473,21,3.0,320.0,IBS17MM,Airbus A320 216SL,Aalsmeerbaan36R_L,60,344416,EC-LUS,A320,5501,Iberia Express
132549051,Aa,Aalsmeerderweg,2025-03-24 21:24:18,0,180837000,0,571858000,180837000,82.5728785084884,72.90000022878823,328.566,114.697,21,3.0,320.0,KLM1016,Embraer ERJ190-100STD,Aalsmeerbaan36R_L,64,484F80,PH-EZX,E190,19000545,KLM Cityhopper
132549071,Aa,Aalsmeerderweg,2025-03-24 21:37:15,0,82070600,0,259530000,82070600,79.14187735466946,68.8000001779528,331.205,118.378,21,3.0,331.0,KLM1038,Embraer ERJ 170-200 STD,Aalsmeerbaan36R_L,56,485814,PH-EXT,E75L,17000707,KLM Cityhopper
132549101,Aa,Aalsmeerderweg,2025-03-24 21:48:13,0,499247,0,1578760,499247,56.983151104568606,48.800000370436656,2490.39,200.134,21,3.0,321.0,KLM36D,Embraer ERJ190-100STD,Zwanenburgbaan36C_L,23,484F7F,PH-EZW,E190,19000533,KLM Cityhopper
132549131,Aa,Aalsmeerderweg,2025-03-24 21:59:27,0,1219080,0,3855060,1219080,60.860306477852845,49.600000177817805,2495.05,197.497,21,2.0,311.0,TRA1C,Boeing 737-800,Zwanenburgbaan36C_L,39,48597E,PH-HXO,B738,62577,Transavia
132549201,Aa,Aalsmeerderweg,2025-03-24 22:58:58,0,0,436486,4364860,436486,56.39970505115027,44.20000028271304,2489.23,199.441,21,2.0,297.0,TRA5752,Boeing 737-800,Zwanenburgbaan36C_L,29,4853D3,PH-HXJ,B738,62159,Transavia
